Expert1,Expert2,Expert3,"Query: BAFTA Award for Best Film	/award/award_category/nominees./award/award_nomination/nominated_for	The Dresser",,,,,,,,,,,,,
,,,"Query: American football	/film/film_subject/films	Friday Night Lights (film)",,,,,,,,,,,,,
0,0,0,wrong,,,,,,,,,,,,,
0,0,0,wrong,,,,,,,,,,,,,
0.5,0.5,0.5,"American football /user/tsegaran/random/taxonomy_subject/entry./user/tsegaran/random/taxonomy_entry/taxonomy	Library of Congress Classification	-/user/tsegaran/random/taxonomy_subject/entry./user/tsegaran/random/taxonomy_entry/taxonomy	United States	-/film/film/release_date_s./film/film_regional_release_date/film_release_region	Friday Night Lights (film)",,,,,,,,,,,,,
,,,"Query: Daniel Craig	/award/award_nominee/award_nominations./award/award_nomination/award	Independent Spirit Award for Best Supporting Male",,,,,,,,,,,,,
0,0.5,0,Daniel Craig /award/award_nominee/award_nominations./award/award_nomination/award MTV Movie Award for Best Fight -/award/award_nominee/award_nominations./award/award_nomination/award Wesley Snipes /award/award_nominee/award_nominations./award/award_nomination/award Independent Spirit Award for Best Supporting Male ,,,,,,,,,,,,,
0,0,0,wrong,,,,,,,,,,,,,
0,0,0,wrong,,,,,,,,,,,,,
,,,"Query: Guitar	/music/instrument/instrumentalists	Mark Mancina",,,,,,,,,,,,,
0,0,0,wrong,,,,,,,,,,,,,
0,0,0,wrong,,,,,,,,,,,,,
0,0,0,wrong,,,,,,,,,,,,,
,,,"Query: The NeverEnding Story (film)	/film/film/genre	Drama film",,,,,,,,,,,,,
0.5,0.5,0.5,The NeverEnding Story (film) /film/film/country United States -/film/film/country Big Fish /film/film/genre Drama film ,,,,,,,,,,,,,
0.5,0,0,"The NeverEnding Story (film) -/media_common/netflix_genre/titles	Drama film",,,,,,,,,,,,,
0.5,0,0,"The NeverEnding Story (film) -/media_common/netflix_genre/titles	Drama film",,,,,,,,,,,,,
,,,"Query: Canada	/location/location/contains	City of Halifax",,,,,,,,,,,,,
0.5,0.5,0.5,Canada /location/location/contains Quebec /location/location/adjoin_s./location/adjoining_relationship/adjoins Nova Scotia /location/location/contains City of Halifax ,,,,,,,,,,,,,
1,0.5,0.5,"Canada -/location/administrative_division/country	Nova Scotia	/location/location/contains	Halifax Regional Municipality	/location/location/contains	City of Halifax",,,,,,,,,,,,,
0.5,0.5,0.5,"Canada /location/country/second_level_divisions	Ottawa	-/location/country/capital	Canada	-/base/biblioness/bibs_location/country	City of Halifax",,,,,,,,,,,,,
,,,"Query: World War II	/film/film_subject/films	The Remains of the Day (film)",,,,,,,,,,,,,
0,0,0,wrong,,,,,,,,,,,,,
0,0,0,wrong,,,,,,,,,,,,,
0,0,0,wrong,,,,,,,,,,,,,
,,,"Query: Bachelor of Fine Arts	/education/educational_degree/people_with_this_degree./education/education/institution	San Jose State University",,,,,,,,,,,,,
0,0,0,wrong,,,,,,,,,,,,,
1,0.5,0.5,"Bachelor of Fine Arts /education/educational_degree/people_with_this_degree./education/education/major_field_of_study	Drama	/education/field_of_study/students_majoring./education/education/major_field_of_study	Psychology	-/education/educational_institution/students_graduates./education/education/major_field_of_study	San Jose State University",,,,,,,,,,,,,
1,0.5,0.5,"Bachelor of Fine Arts /education/educational_degree/people_with_this_degree./education/education/student	Selma Blair	-/education/field_of_study/students_majoring./education/education/student	Psychology	-/education/educational_institution/students_graduates./education/education/major_field_of_study	San Jose State University",,,,,,,,,,,,,
,,,"Query: Bachelor of Arts	/education/educational_degree/people_with_this_degree./education/education/institution	Western Michigan University",,,,,,,,,,,,,
0,0,0,Bachelor of Arts /education/educational_degree/people_with_this_degree./education/education/institution Northwestern University /education/educational_institution/students_graduates./education/education/major_field_of_study Political science -/education/educational_institution/students_graduates./education/education/major_field_of_study Western Michigan University ,,,,,,,,,,,,,
1,0.5,0.5,"Bachelor of Arts /education/educational_degree/people_with_this_degree./education/education/student	Milton Friedman	-/education/field_of_study/students_majoring./education/education/student	Economics	-/education/educational_institution/students_graduates./education/education/major_field_of_study	Western Michigan University",,,,,,,,,,,,,
0,0.5,0,"Bachelor of Arts /education/educational_degree/people_with_this_degree./education/education/major_field_of_study	Telecommunication	-/business/business_operation/industry	United States dollar	-/organization/endowed_organization/endowment./measurement_unit/dated_money_value/currency	Western Michigan University",,,,,,,,,,,,,
,,,"Query: Nepal	/user/tsegaran/random/taxonomy_subject/entry./user/tsegaran/random/taxonomy_entry/taxonomy	Library of Congress Classification",,,,,,,,,,,,,
1,0.5,1,Nepal /organization/organization_member/member_of./organization/organization_membership/organization World Bank -/organization/organization_member/member_of./organization/organization_membership/organization Republic of Ireland /user/tsegaran/random/taxonomy_subject/entry./user/tsegaran/random/taxonomy_entry/taxonomy Library of Congress Classification ,,,,,,,,,,,,,
0,0.5,0,"Nepal /user/tsegaran/random/taxonomy_subject/entry./user/tsegaran/random/taxonomy_entry/taxonomy	Library of Congress Classification",,,,,,,,,,,,,
0,0.5,0,"Nepal /user/tsegaran/random/taxonomy_subject/entry./user/tsegaran/random/taxonomy_entry/taxonomy	Library of Congress Classification",,,,,,,,,,,,,
,,,"Query: Brazil	/location/location/contains	Salvador, Bahia",,,,,,,,,,,,,
0,0,0,wrong,,,,,,,,,,,,,
0,0,0,wrong,,,,,,,,,,,,,
0,0,0,wrong,,,,,,,,,,,,,
,,,"Query: Roman Polanski	/award/award_nominee/award_nominations./award/award_nomination/award	Academy Award for Best Foreign Language Film",,,,,,,,,,,,,
0.5,0.5,0.5,Roman Polanski /award/award_nominee/award_nominations./award/award_nomination/award BAFTA Award for Best Direction /award/award_category/winners./award/award_honor/award_winner Ang Lee -/award/award_category/winners./award/award_honor/award_winner Academy Award for Best Foreign Language Film ,,,,,,,,,,,,,
0.5,0.5,0.5,"Roman Polanski -/award/award_category/winners./award/award_honor/award_winner	Academy Award for Best Foreign Language Film",,,,,,,,,,,,,
0.5,0.5,0.5,"Roman Polanski -/award/award_category/winners./award/award_honor/award_winner	Academy Award for Best Foreign Language Film",,,,,,,,,,,,,
,,,"Query: Rich Little	/base/americancomedy/celebrity_impressionist/celebrities_impersonated	Michael Caine",,,,,,,,,,,,,
0,0,0,wrong,,,,,,,,,,,,,
0,0,0,wrong,,,,,,,,,,,,,
0,0,0,"Rich Little /base/americancomedy/celebrity_impressionist/celebrities_impersonated	Alan Ladd	-/people/cause_of_death/people	Male	-/people/person/gender	Michael Caine",,,,,,,,,,,,,
,,,"Query: The Clearing	/film/film/release_date_s./film/film_regional_release_date/film_release_region	Denmark",,,,,,,,,,,,,
0,0,0,The Clearing /film/film/country United States -/olympics/olympic_games/participating_countries 2010 Winter Olympics /olympics/olympic_games/participating_countries Denmark ,,,,,,,,,,,,,
0.5,0.5,0.5,"The Clearing /film/film/release_date_s./film/film_regional_release_date/film_release_distribution_medium	Television	/film/film_subject/films	Quiz Show	/film/film/release_date_s./film/film_regional_release_date/film_release_region	Denmark",,,,,,,,,,,,,
0.5,0,0,"The Clearing -/film/film_distributor/films_distributed./film/film_film_distributor_relationship/film	Fox Searchlight Pictures	-/award/award_winning_work/awards_won./award/award_honor/award_winner	In America (film)	/film/film/release_date_s./film/film_regional_release_date/film_release_region	Denmark",,,,,,,,,,,,,
,,,"Query: Arthur C. Clarke Award	/award/award_category/disciplines_or_subjects	Fiction",,,,,,,,,,,,,
0.5,0,0,Arthur C. Clarke Award -/award/award_nominee/award_nominations./award/award_nomination/award Kim Stanley Robinson /award/award_nominee/award_nominations./award/award_nomination/award Nebula Award for Best Novelette /award/award_category/disciplines_or_subjects Fiction ,,,,,,,,,,,,,
0.5,0,0,"Arthur C. Clarke Award -/award/award_nominee/award_nominations./award/award_nomination/award	Bruce Sterling	/award/award_nominee/award_nominations./award/award_nomination/award	Hugo Award for Best Novelette	/award/award_category/disciplines_or_subjects	Fiction",,,,,,,,,,,,,
0.5,0,0.5,"Arthur C. Clarke Award /award/award_category/disciplines_or_subjects	Literature	/award/award_category/disciplines_or_subjects	Fiction",,,,,,,,,,,,,
,,,"Query: The Da Vinci Code (film)	/film/film/language	French language",,,,,,,,,,,,,
0,0,0,The Da Vinci Code (film) /film/film/language English language -/film/film/language Inglourious Basterds /film/film/language French language ,,,,,,,,,,,,,
0.5,0.5,0.5,"The Da Vinci Code (film) -/award/award_nominee/award_nominations./award/award_nomination/nominated_for	Kevin O'Connell (sound re-recording mixer)	/award/award_nominee/award_nominations./award/award_nomination/nominated_for	Pearl Harbor (film)	/film/film/language	French language",,,,,,,,,,,,,
1,1,1,"The Da Vinci Code (film) -/film/film/prequel	Angels & Demons (film)	/film/film/language	French language",,,,,,,,,,,,,
,,,"Query: John Conyers	/government/politician/government_positions_held./government/government_position_held/legislative_sessions	95th United States Congress",,,,,,,,,,,,,
0,0.5,0,John Conyers /government/politician/government_positions_held./government/government_position_held/legislative_sessions 100th United States Congress -/government/legislative_session/members./government/government_position_held/legislative_sessions 113th United States Congress -/government/legislative_session/members./government/government_position_held/legislative_sessions 95th United States Congress ,,,,,,,,,,,,,
0,0,0,"John Conyers /government/politician/government_positions_held./government/government_position_held/legislative_sessions	98th United States Congress	-/government/politician/government_positions_held./government/government_position_held/legislative_sessions	John Dingell	/government/politician/government_positions_held./government/government_position_held/legislative_sessions	95th United States Congress",,,,,,,,,,,,,
0,0,0,"John Conyers /government/politician/government_positions_held./government/government_position_held/legislative_sessions	98th United States Congress	-/government/politician/government_positions_held./government/government_position_held/legislative_sessions	John Dingell	/government/politician/government_positions_held./government/government_position_held/legislative_sessions	95th United States Congress",,,,,,,,,,,,,
,,,"Query: Member of Parliament	/government/government_office_category/officeholders./government/government_position_held/jurisdiction_of_office	Kingdom of England",,,,,,,,,,,,,
0,0,0,wrong,,,,,,,,,,,,,
0,0,0,wrong,,,,,,,,,,,,,
0,0,0,"Member of Parliament /government/government_office_category/officeholders./government/government_position_held/jurisdiction_of_office	Kingdom of Scotland	/location/location/adjoin_s./location/adjoining_relationship/adjoins	Kingdom of England",,,,,,,,,,,,,
,,,"Query: California	/location/location/contains	Hayward, California",,,,,,,,,,,,,
0,0,0,wrong,,,,,,,,,,,,,
0.5,0.5,0.5,"California /location/location/contains	Alameda County, California	-/location/hud_county_place/county	Hayward, California",,,,,,,,,,,,,
0.5,0.5,0.5,"California /location/location/contains	Alameda County, California	-/location/hud_county_place/county	Hayward, California",,,,,,,,,,,,,
,,,"Query: Fight Club (film)	/film/film/release_date_s./film/film_regional_release_date/film_release_region	Switzerland",,,,,,,,,,,,,
0,0,0,Fight Club (film) /film/film/release_date_s./film/film_regional_release_date/film_release_region Croatia /olympics/olympic_participating_country/athletes./olympics/olympic_athlete_affiliation/olympics 2004 Summer Olympics -/olympics/olympic_participating_country/medals_won./olympics/olympic_medal_honor/olympics Switzerland ,,,,,,,,,,,,,
0.5,0.5,0.5,"Fight Club (film) -/film/director/film	David Fincher	-/award/award_winning_work/awards_won./award/award_honor/award_winner	The Social Network	/film/film/release_date_s./film/film_regional_release_date/film_release_region	Switzerland",,,,,,,,,,,,,
0,0,0,"Fight Club (film) /film/film/film_festivals	Venice Film Festival	-/film/film/release_date_s./film/film_regional_release_date/film_regional_debut_venue	Mr. Nobody (film)	/film/film/country	Switzerland",,,,,,,,,,,,,
,,,"Query: Bob Clark	/people/person/gender	Male",,,,,,,,,,,,,
0,0,0,Bob Clark /award/award_nominee/award_nominations./award/award_nomination/award Golden Raspberry Award for Worst Director -/award/award_nominee/award_nominations./award/award_nomination/award George Lucas /people/person/gender Male ,,,,,,,,,,,,,
0,0,0,"Bob Clark /people/person/gender	Male",,,,,,,,,,,,,
0.5,0,0,"Bob Clark -/base/americancomedy/celebrity_impressionist/celebrities_impersonated	Rich Little	/people/person/gender	Male",,,,,,,,,,,,,
,,,"Query: Grammy Award for Best Male Rock Vocal Performance	/award/award_category/winners./award/award_honor/ceremony	45th Grammy Awards",,,,,,,,,,,,,
0,0.5,0.5,Grammy Award for Best Male Rock Vocal Performance /award/award_category/winners./award/award_honor/ceremony 39th Grammy Awards -/award/award_category/winners./award/award_honor/ceremony Grammy Award for Best Rock Song /award/award_category/winners./award/award_honor/ceremony 45th Grammy Awards ,,,,,,,,,,,,,
1,1,1,"Grammy Award for Best Male Rock Vocal Performance /award/award_category/category_of	Grammy Award	-/time/event/instance_of_recurring_event	45th Grammy Awards",,,,,,,,,,,,,
1,1,1,"Grammy Award for Best Male Rock Vocal Performance /award/award_category/category_of	Grammy Award	-/time/event/instance_of_recurring_event	45th Grammy Awards",,,,,,,,,,,,,
,,,"Query: Sex and the City (film)	/film/film/release_date_s./film/film_regional_release_date/film_release_region	United States",,,,,,,,,,,,,
0,0.5,0.5,Sex and the City (film) /film/film/release_date_s./film/film_regional_release_date/film_release_distribution_medium DVD -/film/film/release_date_s./film/film_regional_release_date/film_release_distribution_medium Ice Age: Continental Drift /film/film/runtime./film/film_cut/film_release_region United States ,,,,,,,,,,,,,
1,0.5,0.5,"Sex and the City (film) -/film/film_distributor/films_distributed./film/film_film_distributor_relationship/film	HBO	/base/schemastaging/organization_extra/phone_number./base/schemastaging/phone_sandbox/service_location	United States",,,,,,,,,,,,,
0.5,0.5,0.5,"Sex and the City (film) /film/film/country	United States",,,,,,,,,,,,,
,,,"Query: Resident Evil: Apocalypse	/film/film/film_format	Super 35",,,,,,,,,,,,,
0,0,0,Resident Evil: Apocalypse /film/film/country United Kingdom -/film/film/country Gladiator (2000 film) /film/film/film_format Super 35 ,,,,,,,,,,,,,
1,0.5,0.5,"Resident Evil: Apocalypse -/film/film/prequel	Resident Evil: Extinction	/film/film/film_format	Super 35",,,,,,,,,,,,,
1,0.5,0.5,"Resident Evil: Apocalypse -/film/film/prequel	Resident Evil: Extinction	/film/film/film_format	Super 35",,,,,,,,,,,,,
,,,"Query: Larry the Cable Guy	/award/award_nominee/award_nominations./award/award_nomination/award	Golden Raspberry Award for Worst Screen Couple",,,,,,,,,,,,,
0,0,0,Larry the Cable Guy /award/award_nominee/award_nominations./award/award_nomination/award Golden Raspberry Award for Worst Actor -/award/award_nominee/award_nominations./award/award_nomination/award Taylor Lautner /award/award_nominee/award_nominations./award/award_nomination/award Golden Raspberry Award for Worst Screen Couple ,,,,,,,,,,,,,
1,0.5,0.5,"Larry the Cable Guy -/award/award_category/winners./award/award_honor/award_winner	Golden Raspberry Award for Worst Screen Couple",,,,,,,,,,,,,
1,0.5,0.5,"Larry the Cable Guy -/award/award_category/winners./award/award_honor/award_winner	Golden Raspberry Award for Worst Screen Couple",,,,,,,,,,,,,
,,,"Query: Jackass 3D	/film/film/production_companies	MTV",,,,,,,,,,,,,
0.5,0,0.5,Jackass 3D /film/film/produced_by Johnny Knoxville -/film/film/written_by Jackass Number Two /film/film/production_companies MTV ,,,,,,,,,,,,,
1,1,1,"Jackass 3D /film/film/prequel	Jackass Number Two	/film/film/production_companies	MTV",,,,,,,,,,,,,
1,0.5,0.5,"Jackass 3D -/film/film_distributor/films_distributed./film/film_film_distributor_relationship/film	MTV",,,,,,,,,,,,,
,,,"Query: Cyrano de Bergerac (1990 film)	/film/film/other_crew./film/film_crew_gig/film_crew_role	Make-up artist",,,,,,,,,,,,,
0,0,0,Cyrano de Bergerac (1990 film) /film/film/country France -/film/film/release_date_s./film/film_regional_release_date/film_release_region Iron Man (film) /film/film/other_crew./film/film_crew_gig/film_crew_role Make-up artist ,,,,,,,,,,,,,
0,0,0,"Cyrano de Bergerac (1990 film) /film/film/genre	Biographical film	/film/film_subject/films	Into the Wild (film)	/film/film/other_crew./film/film_crew_gig/film_crew_role	Make-up artist",,,,,,,,,,,,,
0,0,0,"Cyrano de Bergerac (1990 film) /film/film/genre	Drama film	-/tv/tv_program/genre	The Path to 9/11	/film/film/other_crew./film/film_crew_gig/film_crew_role	Make-up artist",,,,,,,,,,,,,
,,,"Query: Nunnally Johnson	/people/person/profession	Film producer",,,,,,,,,,,,,
0,0,0,Nunnally Johnson /award/award_nominee/award_nominations./award/award_nomination/award Academy Award for Best Picture -/award/award_nominee/award_nominations./award/award_nomination/award Grant Heslov /people/person/profession Film producer ,,,,,,,,,,,,,
0.5,1,0.5,"Nunnally Johnson -/award/award_nominee/award_nominations./award/award_nomination/award_nominee	Darryl F. Zanuck	/people/person/profession	Film producer",,,,,,,,,,,,,
0.5,0,0,"Nunnally Johnson /award/award_nominee/award_nominations./award/award_nomination/award_nominee	20th Century Fox	/people/person/profession	Film producer",,,,,,,,,,,,,
,,,"Query: Lisa Gerrard	/music/artist/track_contributions./music/track_contribution/role	Drum machine",,,,,,,,,,,,,
0,0,0,wrong,,,,,,,,,,,,,
0,0,0,"Lisa Gerrard /music/artist/track_contributions./music/track_contribution/role	Piano	/music/instrument/instrumentalists	Damon Albarn	/music/group_member/membership./music/group_membership/role	Drum machine",,,,,,,,,,,,,
0.5,1,0.5,"Lisa Gerrard -/music/instrument/instrumentalists	Drum machine",,,,,,,,,,,,,
,,,"Query: Elliot Goldenthal	/people/person/profession	Actor",,,,,,,,,,,,,
0,0,0,Elliot Goldenthal /people/person/profession Record producer -/people/person/profession Dave Mustaine /people/person/profession Actor ,,,,,,,,,,,,,
0,0,0,"Elliot Goldenthal /award/award_nominee/award_nominations./award/award_nomination/nominated_for	Frida	-/film/actor/film./film/performance/film	Salma Hayek	/people/person/profession	Actor",,,,,,,,,,,,,
0,0,0,"Elliot Goldenthal /people/person/languages	English language	/people/profession/specialization_of	Actor",,,,,,,,,,,,,
,,,"Query: Academy Award for Best Supporting Actress	/award/award_category/winners./award/award_honor/ceremony	63rd Academy Awards",,,,,,,,,,,,,
0,0,0,Academy Award for Best Supporting Actress /award/award_category/winners./award/award_honor/ceremony 46th Academy Awards -/award/award_category/winners./award/award_honor/ceremony Academy Award for Best Documentary Feature /award/award_category/winners./award/award_honor/ceremony 63rd Academy Awards ,,,,,,,,,,,,,
1,0.5,0.5,"Academy Award for Best Supporting Actress /award/award_category/nominees./award/award_nomination/nominated_for	The Turning Point (1977 film)	/award/award_nominee/award_nominations./award/award_nomination/award	Academy Award for Best Cinematography	/award/award_category/winners./award/award_honor/ceremony	63rd Academy Awards",,,,,,,,,,,,,
1,0.5,0.5,"Academy Award for Best Supporting Actress /award/award_category/category_of	Academy Award	-/time/event/instance_of_recurring_event	63rd Academy Awards",,,,,,,,,,,,,
,,,"Query: 9th United States Congress	/government/legislative_session/members./government/government_position_held/district_represented	Pennsylvania",,,,,,,,,,,,,
0,0,0,9th United States Congress /government/legislative_session/members./government/government_position_held/legislative_sessions 6th United States Congress -/government/legislative_session/members./government/government_position_held/legislative_sessions 8th United States Congress /government/legislative_session/members./government/government_position_held/district_represented Pennsylvania ,,,,,,,,,,,,,
0,0,0,"9th United States Congress -/government/legislative_session/members./government/government_position_held/legislative_sessions	8th United States Congress	/government/legislative_session/members./government/government_position_held/district_represented	Pennsylvania",,,,,,,,,,,,,
0,0,0,"9th United States Congress -/government/legislative_session/members./government/government_position_held/legislative_sessions	7th United States Congress	/government/legislative_session/members./government/government_position_held/district_represented	Pennsylvania",,,,,,,,,,,,,
,,,"Query: As Good as It Gets	/film/film/genre	Drama film",,,,,,,,,,,,,
0,0,0,As Good as It Gets /film/film/genre Comedy-drama -/film/film/genre Fast Food Nation (film) -/media_common/netflix_genre/titles Drama film ,,,,,,,,,,,,,
0.5,0.5,0.5,"As Good as It Gets -/media_common/netflix_genre/titles	Drama film",,,,,,,,,,,,,
0.5,0.5,0.5,"As Good as It Gets -/media_common/netflix_genre/titles	Drama film",,,,,,,,,,,,,
,,,"Query: Cheese	/food/food/nutrients./food/nutrition_fact/nutrient	Aspartic acid",,,,,,,,,,,,,
0.5,0,0.5,Cheese /food/food/nutrients./food/nutrition_fact/nutrient Serine -/food/food/nutrients./food/nutrition_fact/nutrient Pasta /food/food/nutrients./food/nutrition_fact/nutrient Aspartic acid ,,,,,,,,,,,,,
0,0,0,wrong,,,,,,,,,,,,,
0,0,0,wrong,,,,,,,,,,,,,
,,,"Query: Tennis	/olympics/olympic_sport/athletes./olympics/olympic_athlete_affiliation/country	Slovenia",,,,,,,,,,,,,
0.5,0.5,0.5,Tennis /olympics/olympic_sport/athletes./olympics/olympic_athlete_affiliation/country Republic of China /olympics/olympic_participating_country/athletes./olympics/olympic_athlete_affiliation/olympics 2006 Winter Olympics -/olympics/olympic_participating_country/athletes./olympics/olympic_athlete_affiliation/olympics Slovenia ,,,,,,,,,,,,,
0,0,0,"Tennis /olympics/olympic_sport/athletes./olympics/olympic_athlete_affiliation/country	United Kingdom	/media_common/netflix_genre/titles	The Chronicles of Narnia: Prince Caspian	/film/film/country	Slovenia",,,,,,,,,,,,,
0,0.5,0,"Tennis -/user/jg/default_domain/olympic_games/sports	2004 Summer Olympics	-/olympics/olympic_participating_country/athletes./olympics/olympic_athlete_affiliation/olympics	Slovenia",,,,,,,,,,,,,
,,,"Query: National Society of Film Critics Award for Best Director	/award/award_category/nominees./award/award_nomination/nominated_for	The Ghost Writer (film)",,,,,,,,,,,,,
0,0,0,wrong,,,,,,,,,,,,,
0,0,0,wrong,,,,,,,,,,,,,
0,0,0,"National Society of Film Critics Award for Best Director -/award/award_winning_work/awards_won./award/award_honor/award	The Pianist (2002 film)	/award/award_winning_work/awards_won./award/award_honor/award_winner	Roman Polanski	-/award/award_winning_work/awards_won./award/award_honor/award_winner	The Ghost Writer (film)",,,,,,,,,,,,,
,,,"Query: Alexander Payne	/award/award_nominee/award_nominations./award/award_nomination/award	Academy Award for Best Director",,,,,,,,,,,,,
0,0,0,Alexander Payne -/award/award_category/winners./award/award_honor/award_winner New York Film Critics Circle Award for Best Film /award/award_category/winners./award/award_honor/award_winner Richard Attenborough /award/award_nominee/award_nominations./award/award_nomination/award Academy Award for Best Director ,,,,,,,,,,,,,
0.5,0.5,0.5,"Alexander Payne -/award/award_category/winners./award/award_honor/award_winner	Academy Award for Best Director",,,,,,,,,,,,,
0.5,0.5,0.5,"Alexander Payne -/award/award_category/winners./award/award_honor/award_winner	Academy Award for Best Director",,,,,,,,,,,,,
,,,"Query: Atco Records	/music/record_label/artist	Bobby Darin",,,,,,,,,,,,,
0,0,0,wrong,,,,,,,,,,,,,
0,0,0,wrong,,,,,,,,,,,,,
0,0,0,wrong,,,,,,,,,,,,,
,,,"Query: The Smurfs (1981 TV series)	/tv/tv_program/tv_producer./tv/tv_producer_term/producer_type	Executive producer",,,,,,,,,,,,,
0,0,0,The Smurfs (1981 TV series) /tv/tv_program/languages English language -/tv/tv_program/languages ER (TV series) /tv/tv_program/tv_producer./tv/tv_producer_term/producer_type Executive producer ,,,,,,,,,,,,,
1,0.5,0.5,"The Smurfs (1981 TV series) -/tv/tv_producer/programs_produced./tv/tv_producer_term/program	William Hanna	/tv/tv_producer/programs_produced./tv/tv_producer_term/producer_type	Executive producer",,,,,,,,,,,,,
0,0,0,"The Smurfs (1981 TV series) /tv/tv_program/tv_producer./tv/tv_producer_term/producer_type	Executive producer",,,,,,,,,,,,,
,,,"Query: Joaquin Phoenix	/film/actor/film./film/performance/film	Signs (film)",,,,,,,,,,,,,
0,0,0,wrong,,,,,,,,,,,,,
0,0,0,wrong,,,,,,,,,,,,,
0,0,0,wrong,,,,,,,,,,,,,
,,,"Query: Conrad Hall	/award/award_nominee/award_nominations./award/award_nomination/nominated_for	Butch Cassidy and the Sundance Kid",,,,,,,,,,,,,
0,0,0,wrong,,,,,,,,,,,,,
0,0,0,"Conrad Hall -/film/film/cinematography	Butch Cassidy and the Sundance Kid",,,,,,,,,,,,,
0,0,0,"Conrad Hall -/film/film/cinematography	Butch Cassidy and the Sundance Kid",,,,,,,,,,,,,
,,,"Query: Pink Floyd	/award/award_nominee/award_nominations./award/award_nomination/award	Grammy Award for Best Long Form Music Video",,,,,,,,,,,,,
0,0,0,Pink Floyd /award/award_nominee/award_nominations./award/award_nomination/award MTV Video Music Award for Best Direction -/award/award_nominee/award_nominations./award/award_nomination/award Coldplay /award/award_nominee/award_nominations./award/award_nomination/award Grammy Award for Best Long Form Music Video ,,,,,,,,,,,,,
0.5,0.5,0.5,"Pink Floyd -/award/award_category/winners./award/award_honor/award_winner	Grammy Award for Best Long Form Music Video",,,,,,,,,,,,,
0.5,0.5,0.5,"Pink Floyd -/award/award_category/winners./award/award_honor/award_winner	Grammy Award for Best Long Form Music Video",,,,,,,,,,,,,
,,,"Query: Whitewater slalom	/olympics/olympic_sport/athletes./olympics/olympic_athlete_affiliation/country	Iran",,,,,,,,,,,,,
0,0,0,Whitewater slalom /olympics/olympic_sport/athletes./olympics/olympic_athlete_affiliation/country United States -/olympics/olympic_games/participating_countries 2010 Winter Olympics /olympics/olympic_games/participating_countries Iran ,,,,,,,,,,,,,
0,0,0,wrong,,,,,,,,,,,,,
0,0,0,wrong,,,,,,,,,,,,,
,,,"Query: BAFTA Award for Best Film Music	/award/award_category/nominees./award/award_nomination/nominated_for	The Kite Runner (film)",,,,,,,,,,,,,
0,0,0,wrong,,,,,,,,,,,,,
0,0,0,wrong,,,,,,,,,,,,,
0,0,0,wrong,,,,,,,,,,,,,
,,,"Query: Primetime Emmy Award for Outstanding Variety, Music or Comedy Series	/award/award_category/nominees./award/award_nomination/nominated_for	Saturday Night Live",,,,,,,,,,,,,
0.5,0,0,"Primetime Emmy Award for Outstanding Variety, Music or Comedy Series -/award/award_winning_work/awards_won./award/award_honor/award The Daily Show -/award/award_category/nominees./award/award_nomination/nominated_for Primetime Emmy Award for Outstanding Writing for a Variety, Music or Comedy Program /award/award_category/nominees./award/award_nomination/nominated_for Saturday Night Live ",,,,,,,,,,,,,
0.5,0.5,0.5,"Primetime Emmy Award for Outstanding Variety, Music or Comedy Series -/award/award_winning_work/awards_won./award/award_honor/award	Saturday Night Live",,,,,,,,,,,,,
0.5,0.5,0.5,"Primetime Emmy Award for Outstanding Variety, Music or Comedy Series -/award/award_winning_work/awards_won./award/award_honor/award	Saturday Night Live",,,,,,,,,,,,,
,,,"Query: Tejano music	/music/genre/artists	ZZ Top",,,,,,,,,,,,,
0,0,0,wrong,,,,,,,,,,,,,
0,0,0,wrong,,,,,,,,,,,,,
0,0,0,wrong,,,,,,,,,,,,,
,,,"Query: Ballad	/music/genre/artists	Colbie Caillat",,,,,,,,,,,,,
0,0,0,wrong,,,,,,,,,,,,,
0,0,0,wrong,,,,,,,,,,,,,
0.5,0.5,0.5,"Ballad /music/genre/artists	Vanessa L. Williams	/award/award_nominee/award_nominations./award/award_nomination/award	KYMX	/broadcast/content/artist	Colbie Caillat",,,,,,,,,,,,,
,,,"Query: Psychologist	/film/film_subject/films	Mumford (film)",,,,,,,,,,,,,
0,0,0,wrong,,,,,,,,,,,,,
0,0,0,"Psychologist -/people/person/profession	John Dewey	/people/person/nationality	United States	-/film/film/country	Mumford (film)",,,,,,,,,,,,,
0,0,0,wrong,,,,,,,,,,,,,
,,,"Query: Southeast Asia	/location/location/contains	Brunei",,,,,,,,,,,,,
0,0,0,wrong,,,,,,,,,,,,,
0,0,0,"Southeast Asia /location/location/contains	Philippines	-/language/human_language/countries_spoken_in	English language	-/location/country/official_language	Brunei",,,,,,,,,,,,,
1,1,1,"Southeast Asia /location/location/contains	Thailand	-/location/location/adjoin_s./location/adjoining_relationship/adjoins	Brunei",,,,,,,,,,,,,
,,,"Query: Joe Pesci	/people/person/religion	Catholicism",,,,,,,,,,,,,
0,0,0,Joe Pesci /people/person/profession Comedian -/people/person/profession Bob Newhart /people/person/religion Catholicism ,,,,,,,,,,,,,
0,0,0,"Joe Pesci /award/award_winner/awards_won./award/award_honor/award_winner	Robert De Niro	/people/person/religion	Catholicism",,,,,,,,,,,,,
0,0,0,"Joe Pesci /base/popstra/celebrity/friendship./base/popstra/friendship/participant	Robert De Niro	/people/person/religion	Catholicism",,,,,,,,,,,,,
,,,"Query: 1952 Summer Olympics	/olympics/olympic_games/participating_countries	Sri Lanka",,,,,,,,,,,,,
0,0,0,wrong,,,,,,,,,,,,,
0,0,0,wrong,,,,,,,,,,,,,
0,0,0,wrong,,,,,,,,,,,,,
,,,"Query: Home Alone (film)	/film/film/release_date_s./film/film_regional_release_date/film_release_region	Kenya",,,,,,,,,,,,,
0,0,0,Home Alone (film) /film/film/country United States -/olympics/olympic_games/participating_countries 1996 Summer Olympics -/olympics/olympic_participating_country/athletes./olympics/olympic_athlete_affiliation/olympics Kenya ,,,,,,,,,,,,,
0,0,0,wrong,,,,,,,,,,,,,
0,0,0,wrong,,,,,,,,,,,,,
,,,"Query: Star Trek II: The Wrath of Khan	/film/film/release_date_s./film/film_regional_release_date/film_release_region	Belgium",,,,,,,,,,,,,
0,0,0,Star Trek II: The Wrath of Khan /film/film/release_date_s./film/film_regional_release_date/film_release_region Canada /olympics/olympic_participating_country/athletes./olympics/olympic_athlete_affiliation/olympics 1998 Winter Olympics -/olympics/olympic_participating_country/medals_won./olympics/olympic_medal_honor/olympics Belgium ,,,,,,,,,,,,,
0.5,0,0,"Star Trek II: The Wrath of Khan /film/film/release_date_s./film/film_regional_release_date/film_release_region	Italy	/media_common/netflix_genre/titles	Il Postino	/film/film/country	Belgium",,,,,,,,,,,,,
0,0,0,"Star Trek II: The Wrath of Khan /film/film/release_date_s./film/film_regional_release_date/film_release_region	Hong Kong	-/people/person/place_of_birth	Jean-Claude Van Damme	/people/person/nationality	Belgium",,,,,,,,,,,,,
,,,"Query: 28th Golden Globe Awards	/award/award_ceremony/awards_presented./award/award_honor/award_winner	George C. Scott",,,,,,,,,,,,,
0,0,0,wrong,,,,,,,,,,,,,
1,1,1,"28th Golden Globe Awards /award/award_ceremony/awards_presented./award/award_honor/honored_for	Patton (film)	/award/award_winning_work/awards_won./award/award_honor/award_winner	George C. Scott",,,,,,,,,,,,,
1,1,1,"28th Golden Globe Awards /award/award_ceremony/awards_presented./award/award_honor/honored_for	Patton (film)	/award/award_winning_work/awards_won./award/award_honor/award_winner	George C. Scott",,,,,,,,,,,,,
,,,"Query: Over the Top (film)	/film/film/written_by	Stirling Silliphant",,,,,,,,,,,,,
0,0,0,wrong,,,,,,,,,,,,,
0,0,0,wrong,,,,,,,,,,,,,
0.5,0,0,"Over the Top (film) /award/award_nominated_work/award_nominations./award/award_nomination/nominated_for	Rambo: First Blood Part II	-/film/film/prequel	Rambo III	/film/film/written_by	Stirling Silliphant",,,,,,,,,,,,,
,,,"Query: United States	/location/country/second_level_divisions	Oxford County, Maine",,,,,,,,,,,,,
0,0,0,wrong,,,,,,,,,,,,,
0,0,0,wrong,,,,,,,,,,,,,
0.5,0.5,0.5,"United States -/location/administrative_division/country	Presbyterianism	-/location/statistical_region/religions./location/religion_percentage/religion	Maine	-/base/aareas/schema/administrative_area/administrative_parent	Oxford County, Maine",,,,,,,,,,,,,
,,,"Query: Rosario Dawson	/people/person/places_lived./people/place_lived/location	Manhattan",,,,,,,,,,,,,
0,0,0,Rosario Dawson -/people/ethnicity/people African American /people/ethnicity/people Charles B. Rangel /people/person/places_lived./people/place_lived/location Manhattan ,,,,,,,,,,,,,
1,1,1,"Rosario Dawson /people/person/place_of_birth	Manhattan",,,,,,,,,,,,,
1,1,1,"Rosario Dawson /people/person/place_of_birth	Manhattan",,,,,,,,,,,,,
,,,"Query: Hal Holbrook	/award/award_nominee/award_nominations./award/award_nomination/award	Screen Actors Guild Award for Outstanding Performance by a Cast in a Motion Picture",,,,,,,,,,,,,
0.5,0,0,"Hal Holbrook /award/award_nominee/award_nominations./award/award_nomination/award Broadcast Film Critics Association Award for Best Supporting Actor -/award/award_nominee/award_nominations./award/award_nomination/award Cuba Gooding, Jr. /award/award_nominee/award_nominations./award/award_nomination/award Screen Actors Guild Award for Outstanding Performance by a Cast in a Motion Picture ",,,,,,,,,,,,,
0.5,1,0.5,"Hal Holbrook -/award/award_category/winners./award/award_honor/award_winner	Screen Actors Guild Award for Outstanding Performance by a Cast in a Motion Picture",,,,,,,,,,,,,
0.5,1,0.5,"Hal Holbrook -/award/award_category/winners./award/award_honor/award_winner	Screen Actors Guild Award for Outstanding Performance by a Cast in a Motion Picture",,,,,,,,,,,,,
,,,"Query: Days of Being Wild	/film/film/language	Mandarin Chinese",,,,,,,,,,,,,
1,1,1,Days of Being Wild -/media_common/netflix_genre/titles Yue Chinese /language/human_language/countries_spoken_in Hong Kong -/language/human_language/countries_spoken_in Mandarin Chinese ,,,,,,,,,,,,,
1,1,1,"Days of Being Wild -/film/film/prequel	In the Mood for Love	/film/film/language	Mandarin Chinese",,,,,,,,,,,,,
0,0,0,"Days of Being Wild /film/film/language	Mandarin Chinese",,,,,,,,,,,,,
,,,"Query: Tobey Maguire	/film/actor/film./film/performance/film	Fear and Loathing in Las Vegas (film)",,,,,,,,,,,,,
0,0,0,wrong,,,,,,,,,,,,,
0,0,0,wrong,,,,,,,,,,,,,
0,0,0,wrong,,,,,,,,,,,,,
,,,"Query: Charlie and the Chocolate Factory (film)	/film/film/other_crew./film/film_crew_gig/film_crew_role	Special effect",,,,,,,,,,,,,
0,0,0,Charlie and the Chocolate Factory (film) /film/film/release_date_s./film/film_regional_release_date/film_release_region Australia -/film/film/release_date_s./film/film_regional_release_date/film_release_region Iron Man (film) /film/film/other_crew./film/film_crew_gig/film_crew_role Special effect ,,,,,,,,,,,,,
0,0,0,"Charlie and the Chocolate Factory (film) /film/film/music	Danny Elfman	/film/actor/film./film/performance/film	The Gift (2000 film)	/film/film/other_crew./film/film_crew_gig/film_crew_role	Special effect",,,,,,,,,,,,,
0.5,0.5,0.5,"Charlie and the Chocolate Factory (film) -/award/award_nominated_work/award_nominations./award/award_nomination/nominated_for	Willy Wonka & the Chocolate Factory	/film/film/other_crew./film/film_crew_gig/film_crew_role	Special effect",,,,,,,,,,,,,
,,,"Query: Jon Favreau	/film/actor/film./film/performance/film	Zookeeper (film)",,,,,,,,,,,,,
0,0,0,wrong,,,,,,,,,,,,,
0,0,0,wrong,,,,,,,,,,,,,
1,1,1,"Jon Favreau /award/award_nominee/award_nominations./award/award_nomination/nominated_for	Zookeeper (film)",,,,,,,,,,,,,
,,,"Query: Jemaine Clement	/people/person/places_lived./people/place_lived/location	Wellington",,,,,,,,,,,,,
1,1,1,Jemaine Clement -/education/educational_institution/students_graduates./education/education/student Victoria University of Wellington -/education/educational_institution/campuses Victoria University of Wellington /organization/organization/headquarters./location/mailing_address/citytown Wellington ,,,,,,,,,,,,,
1,1,1,"Jemaine Clement /people/person/place_of_birth	Wellington",,,,,,,,,,,,,
1,1,1,"Jemaine Clement /people/person/place_of_birth	Wellington",,,,,,,,,,,,,
,,,"Query: Pop music	/music/genre/artists	Ashley Tisdale",,,,,,,,,,,,,
1,0.5,0.5,Pop music /music/genre/artists Destiny's Child -/music/genre/artists Dance-pop /music/genre/artists Ashley Tisdale ,,,,,,,,,,,,,
0,0,0,wrong,,,,,,,,,,,,,
0.5,0,0.5,"Pop music /music/genre/artists	Miley Cyrus	/celebrities/celebrity/celebrity_friends./celebrities/friendship/friend	Ashley Tisdale",,,,,,,,,,,,,
,,,"Query: Roy Bittan	/people/person/profession	Songwriter",,,,,,,,,,,,,
0,0,0,Roy Bittan -/music/instrument/instrumentalists Accordion -/music/artist/track_contributions./music/track_contribution/role Sheryl Crow /people/person/profession Songwriter ,,,,,,,,,,,,,
0,0,0,"Roy Bittan /award/award_nominee/award_nominations./award/award_nomination/award_nominee	Rick Nowels	/people/person/profession	Songwriter",,,,,,,,,,,,,
0,0,0,"Roy Bittan -/award/award_winner/awards_won./award/award_honor/award_winner	Jim Steinman	/people/person/profession	Songwriter",,,,,,,,,,,,,
,,,"Query: Uganda	/location/location/adjoin_s./location/adjoining_relationship/adjoins	Tanzania",,,,,,,,,,,,,
1,0.5,0.5,Uganda -/location/location/adjoin_s./location/adjoining_relationship/adjoins Rwanda -/location/location/adjoin_s./location/adjoining_relationship/adjoins Burundi /location/location/adjoin_s./location/adjoining_relationship/adjoins Tanzania ,,,,,,,,,,,,,
0,0,0,"Uganda -/location/location/adjoin_s./location/adjoining_relationship/adjoins	Tanzania",,,,,,,,,,,,,
0,0,0,"Uganda -/location/location/adjoin_s./location/adjoining_relationship/adjoins	Tanzania",,,,,,,,,,,,,
,,,"Query: Alpine skiing	/olympics/olympic_sport/athletes./olympics/olympic_athlete_affiliation/country	Czech Republic",,,,,,,,,,,,,
0.5,0,0.5,Alpine skiing /olympics/olympic_sport/athletes./olympics/olympic_athlete_affiliation/country Republic of Ireland -/olympics/olympic_games/participating_countries 2010 Winter Olympics /olympics/olympic_games/participating_countries Czech Republic ,,,,,,,,,,,,,
0.5,0,0.5,"Alpine skiing -/user/jg/default_domain/olympic_games/sports	2002 Winter Olympics	-/olympics/olympic_participating_country/athletes./olympics/olympic_athlete_affiliation/olympics	Czech Republic",,,,,,,,,,,,,
0.5,0,0.5,"Alpine skiing -/user/jg/default_domain/olympic_games/sports	2002 Winter Olympics	-/olympics/olympic_participating_country/athletes./olympics/olympic_athlete_affiliation/olympics	Czech Republic",,,,,,,,,,,,,
,,,"Query: Soft rock	/music/genre/artists	Andrew Gold",,,,,,,,,,,,,
0,0,0,wrong,,,,,,,,,,,,,
0,0,0,wrong,,,,,,,,,,,,,
0.5,0,0.5,"Soft rock /music/genre/artists	Donald Fagen	/music/group_member/membership./music/group_membership/group	Warner Bros. Records	/music/record_label/artist	Andrew Gold",,,,,,,,,,,,,
,,,"Query: The Warlords	/film/film/other_crew./film/film_crew_gig/film_crew_role	Visual effects supervisor",,,,,,,,,,,,,
0,0,0,The Warlords /film/film/release_date_s./film/film_regional_release_date/film_release_region United States -/film/film/country Iron Man (film) /film/film/other_crew./film/film_crew_gig/film_crew_role Visual effects supervisor ,,,,,,,,,,,,,
0,0.5,0,"The Warlords /film/film/country	China	/film/film_subject/films	Mao's Last Dancer (film)	/film/film/other_crew./film/film_crew_gig/film_crew_role	Visual effects supervisor",,,,,,,,,,,,,
0,0,0,"The Warlords /film/film/genre	Drama film	-/tv/tv_program/genre	The Path to 9/11	/film/film/other_crew./film/film_crew_gig/film_crew_role	Visual effects supervisor",,,,,,,,,,,,,
,,,"Query: Vice president	/business/job_title/people_with_this_title./business/employment_tenure/company	Tribune Company",,,,,,,,,,,,,
0.5,0,0.5,Vice president /business/job_title/people_with_this_title./business/employment_tenure/company Xerox /award/ranked_item/appears_in_ranked_lists./award/ranking/list Fortune 500 -/award/ranked_item/appears_in_ranked_lists./award/ranking/list Tribune Company ,,,,,,,,,,,,,
0.5,0,0,"Vice president /organization/role/leaders./organization/leadership/organization	Oracle Corporation	/award/ranked_item/appears_in_ranked_lists./award/ranking/list	Fortune 1000	-/award/ranked_item/appears_in_ranked_lists./award/ranking/list	Tribune Company",,,,,,,,,,,,,
1,0.5,1,"Vice president /organization/role/leaders./organization/leadership/organization	Tribune Company",,,,,,,,,,,,,
,,,"Query: Singapore	/organization/organization_member/member_of./organization/organization_membership/organization	World Bank",,,,,,,,,,,,,
0,0,0,Singapore -/film/film/release_date_s./film/film_regional_release_date/film_release_region Twilight (2008 film) /film/film/release_date_s./film/film_regional_release_date/film_release_region Austria /organization/organization_member/member_of./organization/organization_membership/organization World Bank ,,,,,,,,,,,,,
0,0,0,"Singapore -/location/statistical_region/places_exported_to./location/imports_and_exports/exported_to	United States	/organization/organization_member/member_of./organization/organization_membership/organization	World Bank",,,,,,,,,,,,,
0,0,0,"Singapore -/base/locations/continents/countries_within	Earth	/organization/organization_member/member_of./organization/organization_membership/organization	World Bank",,,,,,,,,,,,,
,,,"Query: Michael Caine	/people/person/gender	Male",,,,,,,,,,,,,
0,0,0,Michael Caine /award/award_nominee/award_nominations./award/award_nomination/award Screen Actors Guild Award for Outstanding Performance by a Cast in a Motion Picture -/award/award_nominee/award_nominations./award/award_nomination/award Nicolas Cage /people/person/gender Male ,,,,,,,,,,,,,
0,0,0,"Michael Caine /people/person/gender	Male",,,,,,,,,,,,,
0,0,0,"Michael Caine -/base/americancomedy/celebrity_impressionist/celebrities_impersonated	Rich Little	/people/person/gender	Male",,,,,,,,,,,,,
,,,"Query: Patrick McGoohan	/film/actor/film./film/performance/film	A Time to Kill (film)",,,,,,,,,,,,,
0,0,0,wrong,,,,,,,,,,,,,
0,0,0,wrong,,,,,,,,,,,,,
0,0,0,wrong,,,,,,,,,,,,,
,,,"Query: Botswana	/organization/organization_member/member_of./organization/organization_membership/organization	United Nations",,,,,,,,,,,,,
0.5,0,0.5,Botswana /olympics/olympic_participating_country/athletes./olympics/olympic_athlete_affiliation/olympics 2008 Summer Olympics /olympics/olympic_games/participating_countries Mali /organization/organization_member/member_of./organization/organization_membership/organization United Nations ,,,,,,,,,,,,,
0.5,0.5,0.5,"Botswana -/location/location/adjoin_s./location/adjoining_relationship/adjoins	Zimbabwe	/organization/organization_member/member_of./organization/organization_membership/organization	United Nations",,,,,,,,,,,,,
0.5,0.5,0.5,"Botswana /location/location/adjoin_s./location/adjoining_relationship/adjoins	South Africa	/organization/organization_member/member_of./organization/organization_membership/organization	United Nations",,,,,,,,,,,,,
,,,"Query: Walmart	/award/ranked_item/appears_in_ranked_lists./award/ranking/list	Fortune 500",,,,,,,,,,,,,
0,0,0,Walmart -/business/job_title/people_with_this_title./business/employment_tenure/company Vice president /business/job_title/people_with_this_title./business/employment_tenure/company The Coca-Cola Company /award/ranked_item/appears_in_ranked_lists./award/ranking/list Fortune 500 ,,,,,,,,,,,,,
0.5,0,0,"Walmart -/business/job_title/people_with_this_title./business/employment_tenure/company	Chief executive officer	/organization/role/leaders./organization/leadership/organization	Gannett Company	/award/ranked_item/appears_in_ranked_lists./award/ranking/list	Fortune 500",,,,,,,,,,,,,
0,0,0,"Walmart /base/schemastaging/organization_extra/phone_number./base/schemastaging/phone_sandbox/contact_category	Technical support	/business/job_title/people_with_this_title./business/employment_tenure/company	IBM	/award/ranked_item/appears_in_ranked_lists./award/ranking/list	Fortune 500",,,,,,,,,,,,,
,,,"Query: Butler County, Pennsylvania	/location/hud_foreclosure_area/estimated_number_of_mortgages./measurement_unit/dated_integer/source	United States Department of Housing and Urban Development",,,,,,,,,,,,,
0,0,0,"Butler County, Pennsylvania /location/statistical_region/rent50_2./measurement_unit/dated_money_value/currency United States dollar -/location/statistical_region/rent50_2./measurement_unit/dated_money_value/currency The Bronx /location/hud_foreclosure_area/estimated_number_of_mortgages./measurement_unit/dated_integer/source United States Department of Housing and Urban Development ",,,,,,,,,,,,,
0,0,0,"Butler County, Pennsylvania -/location/location/adjoin_s./location/adjoining_relationship/adjoins	Armstrong County, Pennsylvania	/location/hud_foreclosure_area/estimated_number_of_mortgages./measurement_unit/dated_integer/source	United States Department of Housing and Urban Development",,,,,,,,,,,,,
0,0,0,"Butler County, Pennsylvania /location/location/adjoin_s./location/adjoining_relationship/adjoins	Allegheny County, Pennsylvania	/location/hud_foreclosure_area/estimated_number_of_mortgages./measurement_unit/dated_integer/source	United States Department of Housing and Urban Development",,,,,,,,,,,,,
,,,"Query: Quantum of Solace	/film/film/language	Italian language",,,,,,,,,,,,,
0,0,0,Quantum of Solace /film/film/language English language -/film/film/language Inglourious Basterds /film/film/language Italian language ,,,,,,,,,,,,,
1,1,1,"Quantum of Solace /film/film/featured_film_locations	Italy	/location/country/official_language	Italian language",,,,,,,,,,,,,
1,1,1,"Quantum of Solace -/film/actor/film./film/performance/film	Sophia Loren	/film/actor/dubbing_performances./film/dubbing_performance/language	Italian language",,,,,,,,,,,,,
,,,"Query: From Russia with Love (film)	/award/award_nominated_work/award_nominations./award/award_nomination/nominated_for	Die Another Day",,,,,,,,,,,,,
0,0,0,From Russia with Love (film) /award/award_nominated_work/award_nominations./award/award_nomination/nominated_for Moonraker (film) -/award/award_nominated_work/award_nominations./award/award_nomination/nominated_for For Your Eyes Only (film) -/award/award_nominated_work/award_nominations./award/award_nomination/nominated_for Die Another Day ,,,,,,,,,,,,,
0,0,0,"From Russia with Love (film) -/award/award_nominated_work/award_nominations./award/award_nomination/nominated_for	Die Another Day",,,,,,,,,,,,,
0,0,0,"From Russia with Love (film) -/award/award_nominated_work/award_nominations./award/award_nomination/nominated_for	Die Another Day",,,,,,,,,,,,,
,,,"Query: Eliza Dushku	/film/actor/film./film/performance/film	Jay and Silent Bob Strike Back",,,,,,,,,,,,,
0,0,0,wrong,,,,,,,,,,,,,
0,0,0,"Eliza Dushku /people/person/nationality	United States	-/film/film/country	Jay and Silent Bob Strike Back",,,,,,,,,,,,,
1,1,1,"Eliza Dushku /award/award_nominee/award_nominations./award/award_nomination/nominated_for	Jay and Silent Bob Strike Back",,,,,,,,,,,,,
,,,"Query: Kevin Smith	/people/person/place_of_birth	Red Bank, New Jersey",,,,,,,,,,,,,
0,0,0,wrong,,,,,,,,,,,,,
1,0.5,0.5,"Kevin Smith /people/person/places_lived./people/place_lived/location	Red Bank, New Jersey",,,,,,,,,,,,,
0,0,0,wrong,,,,,,,,,,,,,
,,,"Query: Best Actor Award (Cannes Film Festival)	/award/award_category/winners./award/award_honor/award_winner	David Thewlis",,,,,,,,,,,,,
0,0,0,wrong,,,,,,,,,,,,,
0,0,0,wrong,,,,,,,,,,,,,
0.5,0.5,0.5,"Best Actor Award (Cannes Film Festival) -/award/award_nominee/award_nominations./award/award_nomination/award	David Thewlis",,,,,,,,,,,,,
,,,"Query: Robbie Robertson	/people/person/profession	Songwriter",,,,,,,,,,,,,
0,0,0,Robbie Robertson -/music/genre/artists Folk rock /music/genre/artists Sheryl Crow /people/person/profession Songwriter ,,,,,,,,,,,,,
0.5,0.5,0.5,"Robbie Robertson -/award/award_nominee/award_nominations./award/award_nomination/award_nominee	The Edge	/people/person/profession	Songwriter",,,,,,,,,,,,,
0.5,0.5,0.5,"Robbie Robertson -/award/award_nominee/award_nominations./award/award_nomination/award_nominee	The Edge	/people/person/profession	Songwriter",,,,,,,,,,,,,
,,,"Query: Nora Ephron	/people/person/profession	Journalist",,,,,,,,,,,,,
0,0,0,wrong,,,,,,,,,,,,,
0,0,0,wrong,,,,,,,,,,,,,
1,0.5,0.5,"Nora Ephron -/award/award_nominee/award_nominations./award/award_nomination/award_nominee	Adam McKay	/people/person/profession	Journalist",,,,,,,,,,,,,
,,,"Query: Mutiny on the Bounty (1962 film)	/film/film/genre	Drama film",,,,,,,,,,,,,
0,0,0,"Mutiny on the Bounty (1962 film) /film/film/genre History -/film/film/genre Good Night, and Good Luck /film/film/genre Drama film ",,,,,,,,,,,,,
1,0.5,0.5,"Mutiny on the Bounty (1962 film) -/media_common/netflix_genre/titles	Drama film",,,,,,,,,,,,,
1,0.5,0.5,"Mutiny on the Bounty (1962 film) -/media_common/netflix_genre/titles	Drama film",,,,,,,,,,,,,
,,,"Query: MTV Movie Award for Best Fight	/award/award_category/nominees./award/award_nomination/nominated_for	Star Wars Episode I: The Phantom Menace",,,,,,,,,,,,,
0,0,0,MTV Movie Award for Best Fight /award/award_category/nominees./award/award_nomination/nominated_for Rush Hour (film) /film/film/language English language -/film/film/language Star Wars Episode I: The Phantom Menace ,,,,,,,,,,,,,
0.5,0,0.5,"MTV Movie Award for Best Fight /award/award_category/nominees./award/award_nomination/nominated_for	Star Wars Episode II: Attack of the Clones	-/award/award_winning_work/awards_won./award/award_honor/honored_for	Star Wars Episode I: The Phantom Menace",,,,,,,,,,,,,
0.5,0,0.5,"MTV Movie Award for Best Fight /award/award_category/nominees./award/award_nomination/nominated_for	Star Wars Episode II: Attack of the Clones	-/award/award_winning_work/awards_won./award/award_honor/honored_for	Star Wars Episode I: The Phantom Menace",,,,,,,,,,,,,
,,,"Query: Adrian Belew	/music/artist/track_contributions./music/track_contribution/role	Mandolin",,,,,,,,,,,,,
0.5,0.5,0.5,Adrian Belew -/music/instrument/instrumentalists Harmonica /music/performance_role/track_performances./music/track_contribution/role Percussion instrument /music/performance_role/track_performances./music/track_contribution/role Mandolin ,,,,,,,,,,,,,
0.5,0.5,0.5,"Adrian Belew -/music/instrument/instrumentalists	Mandolin",,,,,,,,,,,,,
0.5,0.5,0.5,"Adrian Belew -/music/instrument/instrumentalists	Mandolin",,,,,,,,,,,,,
,,,"Query: Tony Plana	/people/person/spouse_s./people/marriage/type_of_union	Marriage",,,,,,,,,,,,,
0,0.5,0,Tony Plana /award/award_nominee/award_nominations./award/award_nomination/award_nominee America Ferrera /people/person/nationality United States -/people/marriage_union_type/unions_of_this_type./people/marriage/location_of_ceremony Marriage ,,,,,,,,,,,,,
0.5,0.5,0.5,"Tony Plana /people/person/nationality	United States	-/people/marriage_union_type/unions_of_this_type./people/marriage/location_of_ceremony	Marriage",,,,,,,,,,,,,
0.5,0.5,0.5,"Tony Plana /people/person/places_lived./people/place_lived/location	Havana	-/people/marriage_union_type/unions_of_this_type./people/marriage/location_of_ceremony	Marriage",,,,,,,,,,,,,
,,,"Query: Patrick Stewart	/film/actor/dubbing_performances./film/dubbing_performance/language	English language",,,,,,,,,,,,,
1,1,1,Patrick Stewart /award/award_nominee/award_nominations./award/award_nomination/award Primetime Emmy Award for Outstanding Lead Actor in a Miniseries or a Movie /award/award_category/nominees./award/award_nomination/nominated_for An Early Frost /film/film/language English language ,,,,,,,,,,,,,
1,0.5,1,"Patrick Stewart /people/person/languages	English language",,,,,,,,,,,,,
1,0.5,1,"Patrick Stewart /people/person/languages	English language",,,,,,,,,,,,,
,,,"Query: Antigua and Barbuda	/location/statistical_region/places_exported_to./location/imports_and_exports/exported_to	Italy",,,,,,,,,,,,,
0.5,0,0.5,Antigua and Barbuda /organization/organization_member/member_of./organization/organization_membership/organization World Bank -/organization/organization_member/member_of./organization/organization_membership/organization United States /military/military_combatant/military_conflicts./military/military_combatant_group/combatants Italy ,,,,,,,,,,,,,
0,0,0,"Antigua and Barbuda /location/statistical_region/places_exported_to./location/imports_and_exports/exported_to	Italy",,,,,,,,,,,,,
0,0,0,"Antigua and Barbuda -/location/statistical_region/places_exported_to./location/imports_and_exports/exported_to	Italy",,,,,,,,,,,,,
,,,"Query: Tim Conway	/people/person/profession	Comedian",,,,,,,,,,,,,
1,0.5,1,Tim Conway /film/actor/film./film/performance/film Speed 2: Cruise Control -/film/actor/film./film/performance/film Sandra Bullock /people/person/profession Comedian ,,,,,,,,,,,,,
0,0,0,"Tim Conway /award/award_winner/awards_won./award/award_honor/award_winner	Edward Asner	/people/person/profession	Comedian",,,,,,,,,,,,,
0,0,0,"Tim Conway /award/award_winner/awards_won./award/award_honor/award_winner	Edward Asner	/people/person/profession	Comedian",,,,,,,,,,,,,
,,,"Query: United States	/location/country/second_level_divisions	Portage County, Ohio",,,,,,,,,,,,,
1,0.5,0.5,"United States /location/country/capital Washington, D.C. /location/location/time_zones Eastern Time Zone -/location/location/time_zones Portage County, Ohio ",,,,,,,,,,,,,
1,1,1,"United States -/base/biblioness/bibs_location/country	Cleveland	/location/hud_county_place/county	Cuyahoga County, Ohio	/location/location/adjoin_s./location/adjoining_relationship/adjoins	Portage County, Ohio",,,,,,,,,,,,,
1,1,1,"United States -/location/administrative_division/country	Presbyterianism	-/location/statistical_region/religions./location/religion_percentage/religion	Ohio	-/base/aareas/schema/administrative_area/administrative_parent	Portage County, Ohio",,,,,,,,,,,,,
,,,"Query: Insidious (film)	/film/film/release_date_s./film/film_regional_release_date/film_release_distribution_medium	DVD",,,,,,,,,,,,,
0,0,0,Insidious (film) /film/film/other_crew./film/film_crew_gig/film_crew_role Visual effects supervisor -/film/film/other_crew./film/film_crew_gig/film_crew_role Harry Potter and the Prisoner of Azkaban (film) /film/film/release_date_s./film/film_regional_release_date/film_release_distribution_medium DVD ,,,,,,,,,,,,,
0,0,0,"Insidious (film) /film/film/country	United States	/film/film/release_date_s./film/film_regional_release_date/film_release_distribution_medium	DVD",,,,,,,,,,,,,
0,0,0,"Insidious (film) -/award/award_nominee/award_nominations./award/award_nomination/nominated_for	Lars von Trier	/film/film/release_date_s./film/film_regional_release_date/film_release_distribution_medium	DVD",,,,,,,,,,,,,
,,,"Query: Ewan McGregor	/film/actor/film./film/performance/film	The Island (2005 film)",,,,,,,,,,,,,
0,0,0,wrong,,,,,,,,,,,,,
0,0,0,wrong,,,,,,,,,,,,,
0,0,0,wrong,,,,,,,,,,,,,
,,,"Query: Steven Levitan	/people/person/spouse_s./people/marriage/type_of_union	Marriage",,,,,,,,,,,,,
0,0,0,Steven Levitan /award/award_nominee/award_nominations./award/award_nomination/award Primetime Emmy Award for Outstanding Comedy Series -/award/award_nominee/award_nominations./award/award_nomination/award Helen Hunt /people/person/spouse_s./people/marriage/type_of_union Marriage ,,,,,,,,,,,,,
0.5,0,0,"Steven Levitan /people/person/nationality	United States	-/people/marriage_union_type/unions_of_this_type./people/marriage/location_of_ceremony	Marriage",,,,,,,,,,,,,
0,0,0,"Steven Levitan /influence/influence_node/influenced_by	Judd Apatow	/people/person/spouse_s./people/marriage/type_of_union	Marriage",,,,,,,,,,,,,
,,,"Query: University of Oxford	/education/educational_institution/students_graduates./education/education/major_field_of_study	Spanish language",,,,,,,,,,,,,
0,0,0,wrong,,,,,,,,,,,,,
0,0,0,wrong,,,,,,,,,,,,,
0,0,0,wrong,,,,,,,,,,,,,
,,,"Query: Christopher Plummer	/film/actor/film./film/performance/film	Priest (2011 film)",,,,,,,,,,,,,
0,0,0,wrong,,,,,,,,,,,,,
0,0,0,wrong,,,,,,,,,,,,,
0,0,0,wrong,,,,,,,,,,,,,
,,,"Query: Angelo Badalamenti	/people/person/profession	Composer",,,,,,,,,,,,,
0,0,0,Angelo Badalamenti /music/artist/track_contributions./music/track_contribution/role Synthesizer /music/instrument/instrumentalists Jeff Lynne /people/person/profession Composer ,,,,,,,,,,,,,
0,0,0,"Angelo Badalamenti -/award/award_category/winners./award/award_honor/award_winner	Grammy Award for Best Pop Instrumental Performance	-/award/award_nominee/award_nominations./award/award_nomination/award	Michael Kamen	/people/person/profession	Composer",,,,,,,,,,,,,
0,0,0,"Angelo Badalamenti /award/award_winner/awards_won./award/award_honor/award_winner	David Lynch	/people/person/profession	Composer",,,,,,,,,,,,,
,,,"Query: Anjelica Huston	/people/person/spouse_s./people/marriage/type_of_union	Marriage",,,,,,,,,,,,,
0,0,0,Anjelica Huston /award/award_nominee/award_nominations./award/award_nomination/award Primetime Emmy Award for Outstanding Lead Actress in a Miniseries or a Movie -/award/award_nominee/award_nominations./award/award_nomination/award Meryl Streep /people/person/spouse_s./people/marriage/type_of_union Marriage ,,,,,,,,,,,,,
1,1,1,"Anjelica Huston /people/person/spouse_s./people/marriage/spouse	Jeff Goldblum	/people/person/spouse_s./people/marriage/type_of_union	Marriage",,,,,,,,,,,,,
1,1,1,"Anjelica Huston /people/person/spouse_s./people/marriage/spouse	Jack Nicholson	/people/person/spouse_s./people/marriage/type_of_union	Marriage",,,,,,,,,,,,,
,,,"Query: Almost Famous	/film/film/other_crew./film/film_crew_gig/film_crew_role	Special effects supervisor",,,,,,,,,,,,,
0.5,0.5,0.5,Almost Famous -/award/award_category/nominees./award/award_nomination/nominated_for Writers Guild of America Award for Best Original Screenplay /award/award_category/nominees./award/award_nomination/nominated_for Being John Malkovich /film/film/other_crew./film/film_crew_gig/film_crew_role Special effects supervisor ,,,,,,,,,,,,,
0.5,0,0.5,"Almost Famous -/award/award_winning_work/awards_won./award/award_honor/honored_for	Wonder Boys (film)	/film/film/other_crew./film/film_crew_gig/film_crew_role	Special effects supervisor",,,,,,,,,,,,,
0.5,0,0.5,"Almost Famous /award/award_nominated_work/award_nominations./award/award_nomination/nominated_for	Wonder Boys (film)	/film/film/other_crew./film/film_crew_gig/film_crew_role	Special effects supervisor",,,,,,,,,,,,,
,,,"Query: John Conyers	/government/politician/government_positions_held./government/government_position_held/legislative_sessions	89th United States Congress",,,,,,,,,,,,,
0.5,0.5,0.5,John Conyers /government/politician/government_positions_held./government/government_position_held/legislative_sessions 104th United States Congress -/government/legislative_session/members./government/government_position_held/legislative_sessions 97th United States Congress -/government/legislative_session/members./government/government_position_held/legislative_sessions 89th United States Congress ,,,,,,,,,,,,,
0.5,0.5,0.5,"John Conyers /government/politician/government_positions_held./government/government_position_held/legislative_sessions	98th United States Congress	-/government/politician/government_positions_held./government/government_position_held/legislative_sessions	John Dingell	/government/politician/government_positions_held./government/government_position_held/legislative_sessions	89th United States Congress",,,,,,,,,,,,,
0.5,0.5,0.5,"John Conyers /government/politician/government_positions_held./government/government_position_held/legislative_sessions	111th United States Congress	-/government/politician/government_positions_held./government/government_position_held/legislative_sessions	Daniel Inouye	/government/politician/government_positions_held./government/government_position_held/legislative_sessions	89th United States Congress",,,,,,,,,,,,,